<?xml version="1.0" encoding="utf-8"?>
<!--
- phpMyAdmin XML Dump
- version 4.0.7
- http://www.phpmyadmin.net
-
- Хост: 78.108.80.119
- Время создания: Сен 11 2015 г., 10:55
- Версия сервера: 5.5.39-MariaDB-0ubuntu0.14.04.1
- Версия PHP: 5.3.27
-->

<pma_xml_export version="1.0" xmlns:pma="http://www.phpmyadmin.net/some_doc_url/">
    <!--
    - Structure schemas
    -->
    <pma:structure_schemas>
        <pma:database name="b168738_tf" collation="cp1251_general_ci" charset="cp1251">
            <pma:table name="department">
                CREATE TABLE `department` (
                  `id` int(11) NOT NULL AUTO_INCREMENT,
                  `name` varchar(32) NOT NULL,
                  PRIMARY KEY (`id`)
                ) ENGINE=InnoDB AUTO_INCREMENT=12 DEFAULT CHARSET=utf8;
            </pma:table>
            <pma:table name="department_id">
                CREATE TABLE `department_id` (
                  `ckey` varchar(15) NOT NULL,
                  `db` int(11) NOT NULL,
                  `id` int(11) NOT NULL,
                  PRIMARY KEY (`ckey`,`db`),
                  KEY `id` (`id`),
                  CONSTRAINT `department_id_ibfk_1` FOREIGN KEY (`id`) REFERENCES `department` (`id`) ON DELETE CASCADE ON UPDATE CASCADE
                ) ENGINE=InnoDB DEFAULT CHARSET=utf8;
            </pma:table>
            <pma:table name="department_prop">
                CREATE TABLE `department_prop` (
                  `id` int(11) NOT NULL,
                  `_key` varchar(8) NOT NULL,
                  `_value` varchar(64) NOT NULL,
                  PRIMARY KEY (`id`,`_key`),
                  KEY `id` (`id`),
                  CONSTRAINT `department_prop_ibfk_1` FOREIGN KEY (`id`) REFERENCES `department` (`id`) ON DELETE CASCADE ON UPDATE CASCADE
                ) ENGINE=InnoDB DEFAULT CHARSET=utf8;
            </pma:table>
        </pma:database>
		<pma:database name="db1s">
			<column name="ckey">Фирмы.Код</column>
			<column name="name">Фирмы.Наименование</column>
			<column name="f_n">Фирмы.ЮрЛицо.ПолнНаименование</column>
			<column name="inn" part="1">Фирмы.ЮрЛицо.ИНН</column>
			<column name="kpp" part="2">Фирмы.ЮрЛицо.ИНН</column>
			<column name="add" part="3">Фирмы.ЮрЛицо.ЮрАдрес</column>
			<column name="reg" part="2">Фирмы.ЮрЛицо.ЮрАдрес</column>
			<column name="inx" part="1">Фирмы.ЮрЛицо.ЮрАдрес</column>
			<column name="acc">Фирмы.ОсновнойСчет</column>
			<column name="bik">Фирмы.ОсновнойСчет.Банк.Код</column>
			<column name="rs_cr">Фирмы.ОсновнойСчет.Банк.КоррСчет</column>
			<column name="rs_n">Фирмы.ОсновнойСчет.НомерСчета</column>
			<column name="rs_t">Фирмы.ОсновнойСчет.Банк.Наименование</column>
			<column name="rs_p">Фирмы.ОсновнойСчет.Банк.Местонахождение</column>
 			<column name="man_n" prop="temp">Фирмы.ЮрЛицо.Руководитель</column>
 			<column name="man_p">Фирмы.ЮрЛицо.ДолжностьРуководителя</column>
 			<column name="buh_n" prop="const">Глав. бух.</column>
        </pma:database> 
    </pma:structure_schemas>

    <!--
    - База данных: 'b168738_tf'
    -->
    <database name="b168738_tf"  charset="utf-8">
        <!-- Таблица department -->
        <table name="department">
            <column name="id">7</column>
            <column name="name">ПромСнабКабель</column>
        </table>
        <table name="department">
            <column name="id">8</column>
            <column name="name">ТЕХСНАБ</column>
        </table>
        <table name="department">
            <column name="id">9</column>
            <column name="name">Термофит ООО</column>
        </table>
        <table name="department">
            <column name="id">10</column>
            <column name="name">Термофит</column>
        </table>
        <table name="department">
            <column name="id">11</column>
            <column name="name">ТехноСервисСнаб</column>
        </table>
        <!-- Таблица department_id -->
        <table name="department_id">
            <column name="ckey">29</column>
            <column name="db">1</column>
            <column name="id">7</column>
        </table>
        <table name="department_id">
            <column name="ckey">31</column>
            <column name="db">1</column>
            <column name="id">8</column>
        </table>
        <table name="department_id">
            <column name="ckey">33</column>
            <column name="db">1</column>
            <column name="id">9</column>
        </table>
        <table name="department_id">
            <column name="ckey">17</column>
            <column name="db">1</column>
            <column name="id">10</column>
        </table>
        <table name="department_id">
            <column name="ckey">34</column>
            <column name="db">1</column>
            <column name="id">11</column>
        </table>
        <!-- Таблица department_prop -->
        <table name="department_prop">
            <column name="id">8</column>
            <column name="_key">add</column>
            <column name="_value">Кузнецова пр., д.26, к.1, оф.403</column>
        </table>
        <table name="department_prop">
            <column name="id">8</column>
            <column name="_key">bik</column>
            <column name="_value">044030811</column>
        </table>
        <table name="department_prop">
            <column name="id">8</column>
            <column name="_key">buh_n</column>
            <column name="_value">Филиппов И.Г.</column>
        </table>
        <table name="department_prop">
            <column name="id">8</column>
            <column name="_key">buh_p</column>
            <column name="_value">Глав. бух.</column>
        </table>
        <table name="department_prop">
            <column name="id">8</column>
            <column name="_key">f_n</column>
            <column name="_value">ООО &quot;ТЕХСНАБ&quot;</column>
        </table>
        <table name="department_prop">
            <column name="id">8</column>
            <column name="_key">inn</column>
            <column name="_value">7807386676</column>
        </table>
        <table name="department_prop">
            <column name="id">8</column>
            <column name="_key">inx</column>
            <column name="_value">198328</column>
        </table>
        <table name="department_prop">
            <column name="id">8</column>
            <column name="_key">kpp</column>
            <column name="_value">780701001</column>
        </table>
        <table name="department_prop">
            <column name="id">8</column>
            <column name="_key">man_n</column>
            <column name="_value">Филиппов И.Г.</column>
        </table>
        <table name="department_prop">
            <column name="id">8</column>
            <column name="_key">man_p</column>
            <column name="_value">Генеральный директор</column>
        </table>
        <table name="department_prop">
            <column name="id">8</column>
            <column name="_key">reg</column>
            <column name="_value">г.Санкт-Петербург</column>
        </table>
        <table name="department_prop">
            <column name="id">8</column>
            <column name="_key">rs_cr</column>
            <column name="_value">30101810300000000811</column>
        </table>
        <table name="department_prop">
            <column name="id">8</column>
            <column name="_key">rs_n</column>
            <column name="_value">40702810840260001641</column>
        </table>
        <table name="department_prop">
            <column name="id">8</column>
            <column name="_key">rs_p</column>
            <column name="_value">г.Санкт-Петербург</column>
        </table>
        <table name="department_prop">
            <column name="id">8</column>
            <column name="_key">rs_t</column>
            <column name="_value">ФИЛИАЛ №7806 ВТБ24 (ЗАО)</column>
        </table>
        <table name="department_prop">
            <column name="id">8</column>
            <column name="_key">sign</column>
            <column name="_value">ts_sign.png</column>
        </table>
        <table name="department_prop">
            <column name="id">8</column>
            <column name="_key">stamp</column>
            <column name="_value">ts_stamp.png</column>
        </table>
        <table name="department_prop">
            <column name="id">8</column>
            <column name="_key">stop</column>
            <column name="_value">stop</column>
        </table>
        <table name="department_prop">
            <column name="id">11</column>
            <column name="_key">add</column>
            <column name="_value">ул. Зайцева, д.41 литА, офис 433</column>
        </table>
        <table name="department_prop">
            <column name="id">11</column>
            <column name="_key">bik</column>
            <column name="_value">044030786</column>
        </table>
        <table name="department_prop">
            <column name="id">11</column>
            <column name="_key">buh_n</column>
            <column name="_value">Дьяков Ю.В.</column>
        </table>
        <table name="department_prop">
            <column name="id">11</column>
            <column name="_key">buh_p</column>
            <column name="_value">Глав. бух.</column>
        </table>
        <table name="department_prop">
            <column name="id">11</column>
            <column name="_key">f_n</column>
            <column name="_value">ООО &quot;ТехноСервисСнаб&quot;</column>
        </table>
        <table name="department_prop">
            <column name="id">11</column>
            <column name="_key">inn</column>
            <column name="_value">7805315180</column>
        </table>
        <table name="department_prop">
            <column name="id">11</column>
            <column name="_key">inx</column>
            <column name="_value">198188</column>
        </table>
        <table name="department_prop">
            <column name="id">11</column>
            <column name="_key">kpp</column>
            <column name="_value">780501001</column>
        </table>
        <table name="department_prop">
            <column name="id">11</column>
            <column name="_key">man_n</column>
            <column name="_value">Дьяков Ю.В.</column>
        </table>
        <table name="department_prop">
            <column name="id">11</column>
            <column name="_key">man_p</column>
            <column name="_value">Генеральный директор</column>
        </table>
        <table name="department_prop">
            <column name="id">11</column>
            <column name="_key">reg</column>
            <column name="_value">г.Санкт-Петербург</column>
        </table>
        <table name="department_prop">
            <column name="id">11</column>
            <column name="_key">rs_cr</column>
            <column name="_value">30101810600000000786</column>
        </table>
        <table name="department_prop">
            <column name="id">11</column>
            <column name="_key">rs_n</column>
            <column name="_value">40702810832400000376</column>
        </table>
        <table name="department_prop">
            <column name="id">11</column>
            <column name="_key">rs_t</column>
            <column name="_value">ОАО &quot;Альфа-Банк&quot;</column>
        </table>
        <table name="department_prop">
            <column name="id">11</column>
            <column name="_key">sign</column>
            <column name="_value">tss_sign.png</column>
        </table>
        <table name="department_prop">
            <column name="id">11</column>
            <column name="_key">stamp</column>
            <column name="_value">tss_stamp.png</column>
        </table>
    </database>
</pma_xml_export>