<?xml version="1.0" encoding="utf-8"?>
<!--
- phpMyAdmin XML Dump
- version 4.0.7
- http://www.phpmyadmin.net
-
- Хост: 78.108.80.119
- Время создания: Сен 11 2015 г., 10:53
- Версия сервера: 5.5.39-MariaDB-0ubuntu0.14.04.1
- Версия PHP: 5.3.27
-->

<pma_xml_export version="1.0" xmlns:pma="http://www.phpmyadmin.net/some_doc_url/">
    <!--
    - Structure schemas
    -->
    <pma:structure_schemas>
        <pma:database name="b168738_tf" collation="cp1251_general_ci" charset="cp1251">
            <pma:table name="department_id">
                CREATE TABLE `department_id` (
                  `ckey` varchar(15) NOT NULL,
                  `db` int(11) NOT NULL,
                  `id` int(11) NOT NULL,
                  PRIMARY KEY (`ckey`,`db`),
                  KEY `id` (`id`),
                  CONSTRAINT `department_id_ibfk_1` FOREIGN KEY (`id`) REFERENCES `department` (`id`) ON DELETE CASCADE ON UPDATE CASCADE
                ) ENGINE=InnoDB DEFAULT CHARSET=utf8;
            </pma:table>
        </pma:database>
    </pma:structure_schemas>

    <!--
    - База данных: 'b168738_tf'
    -->
    <database name="b168738_tf">
        <!-- Таблица department_id -->
        <table name="department_id">
            <column name="ckey">29</column>
            <column name="db">1</column>
            <column name="id">7</column>
        </table>
        <table name="department_id">
            <column name="ckey">31</column>
            <column name="db">1</column>
            <column name="id">8</column>
        </table>
        <table name="department_id">
            <column name="ckey">33</column>
            <column name="db">1</column>
            <column name="id">9</column>
        </table>
        <table name="department_id">
            <column name="ckey">17</column>
            <column name="db">1</column>
            <column name="id">10</column>
        </table>
        <table name="department_id">
            <column name="ckey">34</column>
            <column name="db">1</column>
            <column name="id">11</column>
        </table>
    </database>
</pma_xml_export>