<?xml version="1.0" encoding="utf-8"?>
<!--
- phpMyAdmin XML Dump
- version 4.0.7
- http://www.phpmyadmin.net
-
- Хост: 78.108.80.119
- Время создания: Сен 11 2015 г., 10:52
- Версия сервера: 5.5.39-MariaDB-0ubuntu0.14.04.1
- Версия PHP: 5.3.27
-->

<pma_xml_export version="1.0" xmlns:pma="http://www.phpmyadmin.net/some_doc_url/">
    <!--
    - Structure schemas
    -->
    <pma:structure_schemas>
        <pma:database name="b168738_tf" collation="cp1251_general_ci" charset="cp1251">
            <pma:table name="department">
                CREATE TABLE `department` (
                  `id` int(11) NOT NULL AUTO_INCREMENT,
                  `name` varchar(32) NOT NULL,
                  PRIMARY KEY (`id`)
                ) ENGINE=InnoDB AUTO_INCREMENT=12 DEFAULT CHARSET=utf8;
            </pma:table>
        </pma:database>
    </pma:structure_schemas>

    <!--
    - База данных: 'b168738_tf'
    -->
    <database name="b168738_tf">
        <!-- Таблица department -->
        <table name="department">
            <column name="id">7</column>
            <column name="name">ПромСнабКабель</column>
        </table>
        <table name="department">
            <column name="id">8</column>
            <column name="name">ТЕХСНАБ</column>
        </table>
        <table name="department">
            <column name="id">9</column>
            <column name="name">Термофит ООО</column>
        </table>
        <table name="department">
            <column name="id">10</column>
            <column name="name">Термофит</column>
        </table>
        <table name="department">
            <column name="id">11</column>
            <column name="name">ТехноСервисСнаб</column>
        </table>
    </database>
</pma_xml_export>